x,voltage_V
0.000000,3.907852
0.005000,3.643262
0.010000,3.519438
0.015000,3.460566
0.020000,3.431213
0.025000,3.418301
0.030000,3.412710
0.035000,3.409456
0.040000,3.408120
0.045000,3.406947
0.050000,3.407403
0.055000,3.407105
0.060000,3.406579
0.065000,3.406975
0.070000,3.406529
0.075000,3.405757
0.080000,3.406266
0.085000,3.405499
0.090000,3.406316
0.095000,3.405750
0.100000,3.405581
0.105000,3.405231
0.110000,3.406082
0.115000,3.405292
0.120000,3.405054
0.125000,3.404990
0.130000,3.405331
0.135000,3.405146
0.140000,3.405069
0.145000,3.404976
0.150000,3.405730
0.155000,3.404355
0.160000,3.404201
0.165000,3.403949
0.170000,3.404562
0.175000,3.404717
0.180000,3.403995
0.185000,3.403530
0.190000,3.403437
0.195000,3.404073
0.200000,3.404018
0.205000,3.403816
0.210000,3.403111
0.215000,3.403458
0.220000,3.403299
0.225000,3.403249
0.230000,3.403474
0.235000,3.403049
0.240000,3.403175
0.245000,3.402768
0.250000,3.402777
0.255000,3.402847
0.260000,3.401701
0.265000,3.402169
0.270000,3.401992
0.275000,3.401807
0.280000,3.401887
0.285000,3.402671
0.290000,3.401389
0.295000,3.402205
0.300000,3.400778
0.305000,3.401351
0.310000,3.401498
0.315000,3.401608
0.320000,3.401570
0.325000,3.401509
0.330000,3.400837
0.335000,3.400679
0.340000,3.401238
0.345000,3.400612
0.350000,3.399968
0.355000,3.399938
0.360000,3.399943
0.365000,3.400550
0.370000,3.400272
0.375000,3.400444
0.380000,3.399784
0.385000,3.399976
0.390000,3.400108
0.395000,3.399539
0.400000,3.399821
0.405000,3.399160
0.410000,3.399208
0.415000,3.399097
0.420000,3.398589
0.425000,3.399329
0.430000,3.398750
0.435000,3.398889
0.440000,3.399022
0.445000,3.398904
0.450000,3.398912
0.455000,3.398428
0.460000,3.398165
0.465000,3.398235
0.470000,3.397330
0.475000,3.397349
0.480000,3.397309
0.485000,3.397371
0.490000,3.397968
0.495000,3.397214
0.500000,3.397376
0.505000,3.398113
0.510000,3.397184
0.515000,3.397630
0.520000,3.396693
0.525000,3.396955
0.530000,3.396482
0.535000,3.396686
0.540000,3.397174
0.545000,3.395789
0.550000,3.396768
0.555000,3.396568
0.560000,3.396051
0.565000,3.395523
0.570000,3.396180
0.575000,3.395778
0.580000,3.396057
0.585000,3.395850
0.590000,3.396538
0.595000,3.395516
0.600000,3.395021
0.605000,3.395520
0.610000,3.395438
0.615000,3.395905
0.620000,3.395541
0.625000,3.395199
0.630000,3.395649
0.635000,3.394219
0.640000,3.394390
0.645000,3.394142
0.650000,3.394305
0.655000,3.393707
0.660000,3.394607
0.665000,3.394071
0.670000,3.393339
0.675000,3.393458
0.680000,3.394013
0.685000,3.394164
0.690000,3.394630
0.695000,3.394974
0.700000,3.393608
0.705000,3.392787
0.710000,3.392093
0.715000,3.393167
0.720000,3.392497
0.725000,3.392562
0.730000,3.392324
0.735000,3.392414
0.740000,3.392865
0.745000,3.392250
0.750000,3.391921
0.755000,3.391301
0.760000,3.390786
0.765000,3.391170
0.770000,3.391159
0.775000,3.391822
0.780000,3.390731
0.785000,3.390858
0.790000,3.389785
0.795000,3.389074
0.800000,3.388771
0.805000,3.388429
0.810000,3.389335
0.815000,3.387271
0.820000,3.387434
0.825000,3.385804
0.830000,3.385855
0.835000,3.384593
0.840000,3.383189
0.845000,3.381947
0.850000,3.380146
0.855000,3.378977
0.860000,3.376545
0.865000,3.373874
0.870000,3.371209
0.875000,3.368885
0.880000,3.366061
0.885000,3.361271
0.890000,3.356406
0.895000,3.351135
0.900000,3.345303
0.905000,3.337406
0.910000,3.328565
0.915000,3.319434
0.920000,3.307621
0.925000,3.294860
0.930000,3.278731
0.935000,3.260090
0.940000,3.239194
0.945000,3.216526
0.950000,3.188489
0.955000,3.154937
0.960000,3.116975
0.965000,3.073927
0.970000,3.021573
0.975000,2.962360
0.980000,2.894228
0.985000,2.813672
0.990000,2.720895
0.995000,2.612813
1.000000,2.487600
