capacity_Ah,voltage_V
0.000000,3.439053
0.014092,3.360390
0.028184,3.323389
0.042276,3.312318
0.056368,3.307860
0.070460,3.305824
0.084552,3.304080
0.098644,3.304422
0.112736,3.302939
0.126828,3.303016
0.140920,3.302496
0.155011,3.301113
0.169103,3.301215
0.183195,3.302319
0.197287,3.301237
0.211379,3.302968
0.225471,3.302867
0.239563,3.303252
0.253655,3.301305
0.267747,3.302591
0.281839,3.300177
0.295931,3.300141
0.310023,3.300911
0.324115,3.300980
0.338207,3.298965
0.352299,3.298692
0.366391,3.300629
0.380483,3.299252
0.394575,3.301147
0.408667,3.300136
0.422759,3.299821
0.436851,3.299454
0.450943,3.299817
0.465034,3.298367
0.479126,3.299100
0.493218,3.296844
0.507310,3.296316
0.521402,3.294795
0.535494,3.294710
0.549586,3.292428
0.563678,3.289401
0.577770,3.289707
0.591862,3.284374
0.605954,3.281326
0.620046,3.278352
0.634138,3.276206
0.648230,3.270977
0.662322,3.268806
0.676414,3.265579
0.690506,3.261824
0.704598,3.262301
0.718690,3.261116
0.732782,3.258747
0.746874,3.258109
0.760965,3.255951
0.775057,3.255402
0.789149,3.256114
0.803241,3.256792
0.817333,3.255415
0.831425,3.255937
0.845517,3.256404
0.859609,3.255343
0.873701,3.255648
0.887793,3.256357
0.901885,3.253505
0.915977,3.255340
0.930069,3.252557
0.944161,3.254718
0.958253,3.254332
0.972345,3.253425
0.986437,3.252724
1.000529,3.253566
1.014621,3.253036
1.028713,3.253352
1.042805,3.252143
1.056897,3.253378
1.070988,3.251562
1.085080,3.252039
1.099172,3.251674
1.113264,3.253030
1.127356,3.249930
1.141448,3.250640
1.155540,3.251821
1.169632,3.249515
1.183724,3.248412
1.197816,3.249346
1.211908,3.248109
1.226000,3.248482
1.240092,3.245875
1.254184,3.246021
1.268276,3.245403
1.282368,3.244537
1.296460,3.241000
1.310552,3.241959
1.324644,3.237874
1.338736,3.235297
1.352828,3.233674
1.366919,3.232377
1.381011,3.229267
1.395103,3.227170
1.409195,3.224149
1.423287,3.220696
1.437379,3.216672
1.451471,3.215146
1.465563,3.207417
1.479655,3.204138
1.493747,3.201590
1.507839,3.197097
1.521931,3.192128
1.536023,3.190336
1.550115,3.186977
1.564207,3.182046
1.578299,3.182309
1.592391,3.179900
1.606483,3.177177
1.620575,3.172954
1.634667,3.171284
1.648759,3.167814
1.662851,3.167019
1.676942,3.164041
1.691034,3.162984
1.705126,3.159957
1.719218,3.158817
1.733310,3.155710
1.747402,3.152665
1.761494,3.145593
1.775586,3.140125
1.789678,3.135781
1.803770,3.126611
1.817862,3.117501
1.831954,3.105224
1.846046,3.090797
1.860138,3.075271
1.874230,3.057088
1.888322,3.038189
1.902414,3.017603
1.916506,3.001056
1.930598,2.980548
1.944690,2.962768
1.958782,2.942977
1.972873,2.924011
1.986965,2.901248
2.001057,2.876921
2.015149,2.848537
2.029241,2.814118
2.043333,2.773828
2.057425,2.725084
2.071517,2.664932
2.085609,2.590113
2.099701,2.502357
